{
    "dog": {
        "OBJECT TYPE": 16.0,
        "Coordinates": [
            303.5111083984375,
            123.01636505126953,
            542.3866577148438,
            383.8748474121094
        ],
        "PROABABLITY": 0.9471228122711182
    },
    "cat": {
        "OBJECT TYPE": 15.0,
        "Coordinates": [
            159.5331268310547,
            211.73394775390625,
            298.3334655761719,
            384.11260986328125
        ],
        "PROABABLITY": 0.9171510934829712
    }
}